fullName,ID,username,password,isAdmin,lastTimeLogin,image,isBan,isOfficer
ธนาภัทร,6410451059,maomao,123,false,14-52-44-21-10-22,data\images\profile\2022-10-21_1666302355911.jpg,false,false
Napakamol,6410459999,tangmo,123456,false,05-09-35-21-10-22,data\images\profile\2022-10-21_1666303825272.jPG,false,false
Peerapat,6410456969,papeepee,123456,false,05-10-46-21-10-22,data\images\profile\2022-10-21_1666303853815.jpg,false,false
Kritchawat,6410459595,markmark,123456,false,05-11-07-21-10-22,data\images\profile\2022-10-21_1666303882603.jpg,false,false
Jedsadakorn,6410451069,ballball,123456,false,14-59-51-21-10-22,data\images\profile\2022-10-21_1666303918035.jpg,false,false
Nattawat,6410459123,toontoon,123456,false,05-12-24-21-10-22,data\images\profile\2022-10-21_1666303952849.jpg,false,false
Tanapat,6410542346,benben,123456,false,06-33-10-21-10-22,data\images\profile\2022-10-21_1666302408814.png,false,false
Natalie,6410459483,ninjaninja,123456,false,04-57-54-21-10-22,data\images\profile\2022-10-21_1666303103409.jpg,false,false
Darnell Wash,6969696969,sunny,123456,false,05-12-50-21-10-22,data\images\profile\2022-10-21_1666303989809.PNG,false,false
Titipat Terrell,5342567842,ninenine,123456,false,05-13-24-21-10-22,data\images\profile\2022-10-21_1666304014902.jpg,false,false
capushino,6412345678,espresso,123456,false,05-13-48-21-10-22,data\images\profile\2022-10-21_1666304046602.jpg,false,false
Jennifer Pond,6412345678,maggie,123456,false,05-14-32-21-10-22,data\images\profile\2022-10-21_1666304131641.jpg,false,false
tanapatAdmin,6412345678,AdminMao,12345,true,0-0-0-0-0-0,data\images\profile\2022-10-21_1666304206333.jpg,false,false
tangmoAdmin,6412345678,AdminTangmo,12345,true,0-0-0-0-0-0,data\images\profile\2022-10-21_1666304233746.jpg,false,false
papeepeeAdmin,6412345678,AdminPee,12345,true,0-0-0-0-0-0,data\images\profile\2022-10-21_1666304262978.jpg,false,false
bennyAdmin,6412345678,AdminBenny,12345,true,0-0-0-0-0-0,data\images\profile\2022-10-21_1666304300907.png,false,false
Natasha Jarrett,1234567890,officerNor1,1234,false,14-35-09-21-10-22,/ku/cs/student_image/default.png,false,true
Quin Fern,1234567899,officerNor2,1234,false,05-22-15-21-10-22,/ku/cs/student_image/default.png,false,true
Antony Fuller,1234567423,officerNor3,12345412,false,06-04-39-21-10-22,/ku/cs/student_image/default.png,false,true
Seward man,1234567890,officerPlace1,1234,false,14-36-12-21-10-22,/ku/cs/student_image/default.png,false,true
Joanie Roydon,1234567890,officerPlace2,1234,false,03-39-46-21-10-22,/ku/cs/student_image/default.png,false,true
Paul Jeffers,1234567890,officerPlace3,1234,false,0-0-0-0-0-0,/ku/cs/student_image/default.png,false,true
Woodrow Hale,1234567890,officerEnroll1,1234,false,14-37-24-21-10-22,/ku/cs/student_image/default.png,false,true
Homer Jepson,1234567890,officerEnroll2,1234,false,03-41-32-21-10-22,/ku/cs/student_image/default.png,false,true
Adelle Bonner,1234567890,officerEnroll3,1234,false,03-41-32-21-10-22,/ku/cs/student_image/default.png,false,true
Brandy Ramsey,1234567890,officerCorrupt1,1234,false,14-38-21-21-10-22,/ku/cs/student_image/default.png,false,true
Carol David,1234567890,officerCorrupt2,1234,false,03-41-32-21-10-22,/ku/cs/student_image/default.png,false,true
Kayson Clark,1234567890,officerCorrupt3,1234,false,03-41-32-21-10-22,/ku/cs/student_image/default.png,false,true
Fern,1234567890,officerTeacher1,1122,false,14-59-40-21-10-22,data\images\profile\2022-10-21_1666338993030.JPG,false,true
Roxie,1234567890,officerTeacher2,1122,false,0-0-0-0-0-0,/ku/cs/student_image/default.png,false,true
Tinker,1234567890,officerTeacher3,1122,false,0-0-0-0-0-0,/ku/cs/student_image/default.png,false,true
